transaction_amount,transaction_time,new_device,previous_purchases,user_logged_in,num_items_in_basket,min_basket_item_price,max_basket_item_price,is_fraud
552.5659629485092,11,True,30,False,2,89.0618224635608,311.5971658131641,0
767.4807263349842,6,False,42,False,4,95.12235533224535,196.6187321817294,0
832.4948839576308,5,False,72,True,5,60.36596514436428,761.2468952276378,1
19.35003567822227,18,True,21,False,1,28.277694850229278,809.8658460480859,1
737.604673891135,16,False,37,False,9,76.13812128458684,866.6769093691996,0
702.8335745518095,7,False,82,False,3,8.861093215283315,814.4130016100944,0
683.4773834258106,0,True,91,True,2,42.146540759099494,942.2795083012209,0
753.7680908331082,11,True,21,True,4,35.00357414276214,680.3459696282596,1
462.2627953038266,18,True,44,False,8,78.99410270933741,507.9741556441627,1
556.7171834270481,12,True,50,False,7,90.6563356841529,975.2974491787427,0
130.40269808720058,12,True,46,True,1,3.193900078427384,113.44861466076975,1
453.770529879669,20,False,5,True,2,31.37294114757309,617.3839763240572,0
93.98164718715489,17,True,71,False,9,29.194903140627797,965.0169380025129,0
294.9020503828974,9,False,53,True,2,5.556948082699525,630.1429349929957,0
542.3451614364784,7,True,83,False,5,69.10335059905955,313.12011717118685,1
567.153328347038,21,True,20,False,2,16.561029966881,637.0014308249479,1
936.1533587219279,11,True,3,True,8,21.556891421077694,286.5925599653948,1
471.0162380689712,10,False,36,True,1,34.81802680050828,342.23540151348226,0
908.2303463386736,4,False,30,True,6,6.487043382747971,470.0126040277389,1
713.9792883386702,21,True,24,True,9,47.25691731152314,902.1806665442655,0
893.411893996127,17,True,87,True,7,39.528496725430614,226.43667790988098,0
709.8051527195419,18,False,28,True,1,34.65789750681297,150.63811772311996,1
688.5252335144905,0,True,50,False,4,67.39376622092294,944.4363509403732,0
614.3401176169563,23,True,11,True,2,70.66818799674411,314.82377244791974,1
149.09876050588923,4,False,5,True,5,93.77843135952186,433.52840500115525,1
637.492507295016,15,False,28,True,5,95.67894036736095,396.11132826923915,0
469.5180346774,16,False,77,True,6,13.517787545839878,354.76430166833245,1
564.3277135516084,1,True,5,False,8,79.41836423479567,187.2065024790706,1
586.3514062469678,4,False,71,True,2,59.45831757026251,982.5444824685234,1
223.23574811313424,3,False,75,True,4,73.64676922801517,334.09341642794493,1
124.79269234249787,7,True,9,False,2,66.98651657094305,198.29489182646046,1
873.672452094531,23,False,72,True,2,15.688807378164043,973.6066433585753,0
508.2478375065241,12,True,69,False,2,95.90990912641156,174.65899042356455,1
845.556806052423,15,True,2,False,2,54.18248768499362,481.85463306460304,1
892.5196729259474,22,True,25,False,6,23.412848747561174,970.8378745680869,1
492.3619645275474,22,True,21,False,1,97.6384392109129,351.8401379172877,1
329.70860813528446,1,True,3,True,3,68.97244398414067,431.5166709773301,1
367.552509605724,3,True,0,False,5,81.66119288593063,822.6217100472477,0
542.4839192824428,17,False,53,True,5,76.6557471754102,794.5848823769728,0
516.5802027784412,22,False,3,False,5,75.62931435280555,962.5017107415482,0
39.97797289799931,13,True,56,False,3,14.557124750830834,901.1943476106295,1
955.3835346800191,20,True,43,True,5,1.1078015511410824,696.714311373363,0
601.1578519699339,9,False,20,False,8,48.04524564586194,821.224629501924,0
385.7935204391381,10,True,60,True,9,43.11584519967454,327.65441644697034,0
700.0414017710125,18,True,62,True,7,14.10258584781551,139.74400620276268,0
385.5612758150922,4,True,12,False,2,27.994927226014028,632.225767370674,1
342.8234904922721,3,False,88,False,2,96.02671644199405,789.9328887880482,1
767.0820725186986,3,False,70,False,8,91.32644438864861,887.2774588003891,1
808.6414330522575,19,True,59,False,7,79.99642550506088,158.1885007394606,0
186.77185905772305,13,True,37,False,5,40.40612924578717,916.1104206634021,1
748.1949494329607,15,False,93,True,9,79.45267420357894,940.6906043438591,1
371.70012092920274,23,False,2,True,2,99.88229423521005,701.5309912985141,1
422.0149256622613,12,False,60,True,9,60.41619992920609,343.15729580729874,0
145.28354362219466,17,False,14,False,6,91.67503879935013,927.6298045791644,0
395.31369061658035,12,False,8,False,1,57.50028302872903,752.9670507458195,1
317.91691954558513,16,False,25,True,9,12.609051026801367,326.92693111698924,0
535.1044708335863,21,True,99,True,9,84.83357036094249,496.1214528421803,1
495.1683706217799,8,False,6,True,8,14.8856159464974,159.11313927266866,0
835.3937092483267,22,False,37,True,6,47.65487468404693,308.5703707158457,1
674.9319015357006,22,False,12,False,3,82.77256988474959,352.3232863605642,1
396.6253932763537,15,True,52,False,8,99.86608612294346,642.703137844375,1
454.8383714081021,22,False,27,False,6,60.56137550479206,940.1861224733909,0
561.4134932676429,7,False,43,False,4,95.70219137218433,576.0793413122545,0
193.13281970037033,4,False,30,True,4,84.73193183350322,333.9590228995681,0
917.0448921786005,5,False,63,True,3,65.86671281423207,766.5435353677587,1
491.1632800108533,0,False,87,False,9,17.43862188503005,867.9404865236905,0
970.4528475964917,7,True,49,True,1,24.099797522525723,959.5057722231516,1
448.3345203093947,1,False,16,True,6,63.389632542092606,597.0145770073934,1
324.0229005654041,19,False,54,False,1,93.81743758305129,264.74520542186633,1
66.0947238570935,14,False,44,True,5,18.140427015137682,895.8456306710141,1
158.41911268718007,12,True,48,False,2,19.97678775506084,106.31110525277737,0
87.2565881207616,11,False,77,False,3,72.51079835318028,265.96211206842315,1
426.2774076920937,13,True,99,False,2,16.10618810253377,181.1963460467623,1
844.5794927755214,23,False,45,False,4,78.96032954092338,541.2259510514407,0
390.07745579678345,8,False,10,False,5,69.680437597927,958.7178410589154,0
213.83540702285111,3,True,42,False,1,85.08383762382698,191.7434877762511,0
794.311070916255,2,True,48,True,1,14.916628038702024,349.32694642207844,1
885.2893889630675,18,False,82,False,3,31.93485544644077,350.4407506422001,0
77.90939665512711,4,True,89,True,6,68.67575219947125,853.3664333478296,1
570.6843933558334,6,False,94,True,4,25.18564587002346,751.0141771445981,1
858.7775755352135,13,True,73,True,4,7.856109869823693,453.55408369769304,0
95.07058001679131,2,True,97,True,4,37.307925602761685,792.1476631064329,1
374.87498153479106,5,True,42,True,9,52.87470777181142,298.26931315774254,0
863.5637986451585,13,True,24,False,5,93.4477764600395,850.4802269445162,0
935.7156660743666,23,True,17,True,1,83.43634321565223,268.52805861647585,1
202.6007318915611,4,True,2,False,4,65.37096715355173,447.2924423893625,0
689.4811431422008,21,False,14,False,7,19.026101410275512,106.91841910717962,0
998.1306658796756,23,True,71,True,4,71.73195049604027,279.77740153035046,0
21.725698533993402,15,True,73,True,5,58.755847538309375,157.13103050028278,1
301.0761883284179,5,False,11,False,4,59.74504201233629,505.77809695363817,0
204.70392807145507,2,True,88,True,5,4.539535723071509,783.9435706847879,1
909.5194361467003,16,False,65,True,3,99.89453961691522,541.7177263110262,0
636.1355406979527,13,False,54,False,1,54.07408134708911,391.6069603290181,1
591.5541708300193,20,True,53,False,1,51.40263848633547,950.8733619510824,1
817.1369236148628,20,False,17,False,8,55.09347391826449,168.5755965721246,0
385.6428010493424,7,True,68,True,9,70.87213877098615,815.2348698107467,0
212.94727181142594,15,True,18,False,6,24.708764690741514,693.6127835762834,1
327.69054607879207,22,True,96,False,6,39.7454617599019,559.1803905576135,1
612.9688269995436,11,True,88,False,6,29.15851786527673,498.5379312641058,1
661.8461255109557,7,True,37,False,4,97.89164347680624,103.62103448685951,0
868.221911836528,23,False,28,True,9,39.71913471344311,938.008966043451,0
665.770732900315,21,True,39,True,4,53.58369370139747,334.6297250070897,1
199.2896537593407,21,True,29,False,4,43.342285609895725,665.1522046306153,0
397.4303365791651,15,False,74,True,4,83.82820379453106,872.7161406453714,0
801.2137481476088,15,True,90,True,9,58.04317204380838,515.6987974588608,1
995.2075507423853,23,False,10,False,2,5.809302892857904,912.1565815913361,1
617.3645445273855,3,False,97,True,3,58.119231147041,559.5832145708152,0
46.17466325172526,20,True,51,False,9,56.006831866911185,649.63404138961,1
112.37047718074686,21,False,64,False,2,50.42357357139205,324.781436276969,1
500.3638898877071,2,True,34,False,5,94.30295509943281,750.5945750721381,1
902.0747330069638,7,False,34,True,7,18.037276071544415,910.271280597596,0
698.640602711875,15,False,93,False,3,39.225469583652554,172.7599670979007,1
294.5667462731656,23,True,9,False,5,3.5017708630593787,843.5539212479727,1
379.794722998192,19,False,13,False,1,32.27355249616535,365.38100968485037,0
222.55626791941017,2,False,6,True,3,69.0324025655271,104.9353649787349,0
161.6812750346455,23,True,59,False,2,23.275833023223377,104.00631513070229,1
47.88572890742677,9,False,11,True,7,85.81426741467999,775.7742971140767,1
419.1459328556418,7,False,36,True,1,54.81613587374254,539.3154204381506,0
958.7927046522057,1,True,63,False,6,83.46182933950035,232.87674334113782,1
402.982033018233,13,False,61,False,7,44.680265394040916,209.48288947901756,1
758.392941364287,0,True,61,True,9,61.73331094428908,635.4588548404992,1
254.05218678649396,5,True,28,True,8,53.839839543603134,371.30668213976617,1
318.8991632946154,3,True,73,False,4,23.963378863130465,562.4671532376882,1
164.46292402634901,5,True,87,True,7,78.5138975182062,593.721936978028,0
599.2774148464814,0,False,13,False,2,42.37361214061922,644.7429018764658,1
420.5704638680736,10,False,50,True,5,53.96158695155901,164.9826111739347,0
984.2499987951524,0,False,51,True,6,49.099813547376264,828.6737967813356,1
963.0422208407434,12,False,65,True,9,48.7894828309006,809.592819176465,0
452.21008457357846,2,False,93,True,2,27.521424774700566,279.48288776315064,0
90.22539240235407,18,False,92,False,3,61.13015129522727,741.6329665474375,0
908.0086501506402,17,False,43,True,9,15.571927428630906,201.8976318071134,1
61.65343586599405,2,True,99,False,9,26.307122502514996,926.7891038162179,0
98.42281705534525,13,False,61,True,2,41.17706497886337,377.20185939429996,1
894.2863033762128,19,False,82,True,4,1.3360229835779038,941.7917986459317,0
931.4114777873558,5,False,73,True,5,60.06056416097906,279.6795388020745,0
490.6770263618264,1,False,54,True,1,11.151784271282146,549.278997092907,0
553.2731910255371,4,True,51,False,4,58.43018084460181,162.98658796685908,0
860.5199875450467,9,False,83,False,5,28.04942551166842,670.7823182198484,0
354.11749897846465,13,True,64,True,4,94.08036786245368,824.2102002195795,0
861.1195682052991,21,True,39,False,3,1.5262666184752562,362.2463809389592,0
642.8288842997092,11,True,55,True,3,3.0318764360574777,167.58176811807283,0
817.2853335442242,7,False,42,False,8,86.7263435199807,763.3419763933458,0
743.237468400928,3,True,27,True,2,42.63774446618105,313.2092725164345,1
295.2720868790195,2,False,56,True,1,14.515188410255549,953.2113151389658,0
856.9607660265827,13,True,65,False,9,89.47613924364086,919.6401884080175,1
471.808123489175,0,False,76,False,8,81.89066235564346,464.64301065186146,1
762.1627772786275,8,False,38,True,2,67.69174499737487,395.8722688266452,0
931.5824048587306,13,False,93,False,8,79.07786536449848,841.1146458216224,0
705.310434963412,19,True,85,True,1,55.65998903140902,510.3644734748172,0
530.4525265251252,9,True,96,True,4,62.68202163219184,530.1136509789421,1
696.1791917410394,20,True,50,False,2,22.803616111465765,545.7433428492022,1
122.58144951698627,14,False,34,False,4,25.92939518616034,774.6333279674301,0
625.8255481134802,14,False,48,False,3,9.151108502479191,645.1068702577137,1
693.6939897089202,8,True,12,True,2,31.391050071381606,689.3442192183144,0
841.9652302742192,2,False,76,False,3,73.4635460662461,790.772564167522,1
337.8924910173264,6,False,34,False,9,25.005400270741575,860.2893318067368,1
483.0748726980653,12,True,27,True,8,49.18465011738924,841.5382998515418,0
291.97678055362394,18,False,81,True,2,67.11596864420606,599.0148260222045,1
262.2591343333133,14,False,8,True,7,47.45993905121775,185.92127798967562,1
734.0921980021377,3,False,22,False,1,72.39724457961216,240.65873569756857,1
778.2718210934163,16,True,29,True,8,45.644645971010625,149.4767975944312,0
413.3761845111489,13,False,16,False,3,51.008017451086886,275.19668013927344,1
945.3976193769051,14,True,16,False,1,24.943830478475334,163.0538290324335,0
810.8593248855291,0,True,51,False,9,4.672848000795678,636.3472374535664,0
571.2862718453723,13,False,80,False,5,81.20409415016174,140.81655129513774,1
965.5563328281946,12,True,81,False,7,98.02595010115297,235.44656523457718,1
474.89348776201604,6,False,46,True,2,59.69697335540684,896.2952002352278,0
646.897809211868,7,True,50,True,5,81.69040019994922,650.1626477058255,1
471.7869205380079,1,False,1,True,5,21.0748389151228,651.8639974119365,0
796.5554332657407,6,True,74,False,2,75.45293959151532,657.9006591433183,0
118.02363645737523,0,True,36,True,6,95.84403928603464,751.5591478187557,1
777.8911195996295,12,False,24,True,7,17.448004335827637,675.4526496948158,1
302.30432102939403,15,False,45,False,1,89.70097249339302,537.7303842105682,1
607.0593386677193,22,True,91,False,9,22.264913928646397,282.63460522196357,0
298.86264130682457,21,True,40,True,4,42.73417777951383,581.749233810342,1
600.1420040361904,0,True,72,False,5,55.689615388945825,258.19577937556426,1
815.9461634378985,23,True,27,True,3,95.46891896230936,151.10463394075214,1
904.0175370271476,18,True,43,False,4,52.64755015345524,978.8402141761999,1
376.82018403767245,16,True,91,True,2,3.292801594443403,558.7942285765284,1
819.1462669228306,9,True,92,False,5,52.880432095823934,488.89438757487005,0
748.1536986809191,3,False,39,False,7,28.269837611488754,615.6174498361568,0
606.2562399750293,4,False,21,True,7,51.47298167623522,216.3702777974853,0
779.4402609409892,21,False,54,False,1,44.557035365205564,113.27681901053344,0
851.0576079722103,8,True,43,False,8,5.669314648541543,780.7122473027694,1
576.036205818774,15,True,8,True,5,34.9679502436765,283.9071665719814,1
670.8566934782305,21,False,15,True,6,44.59627544953184,762.7848283920202,0
968.462938634891,19,False,94,True,3,37.291141438725184,338.7550236293732,0
116.68356209377278,14,False,57,True,8,43.76968951488892,941.9340342880739,0
999.2526776710497,2,False,10,False,7,87.29467117670002,315.84954698481585,0
109.32195065267967,10,True,81,True,7,79.20336911462952,316.16507746104224,1
738.9394520953765,8,False,98,True,4,39.874433201727975,331.420728851584,1
373.2662999685819,6,True,92,True,9,62.897159711033254,924.837131643457,0
96.03172014602607,8,True,55,False,9,37.28877738309867,686.1360460153271,0
266.48645011315443,16,False,45,True,9,76.44294375201666,920.57156823886,1
284.9316480822039,19,False,33,True,4,27.22839386716611,264.46093631830104,1
480.7694483422932,14,False,48,True,8,17.385692646643236,535.1693385703151,0
394.717929445056,1,False,37,True,7,99.56862987128893,919.7926405980979,1
24.921773662273097,6,True,71,True,7,53.49283007364265,804.4340308249175,1
936.0942291576227,0,True,24,False,9,42.7632761788594,622.1092729587073,0
287.86852206864506,10,False,29,False,6,44.51093641943907,981.4696278370549,1
564.5800691050663,17,True,68,False,2,57.88621043802634,921.5258314127094,0
955.0002702062067,17,True,72,True,6,82.68080023390942,561.7042799982962,1
128.9333390682375,6,False,83,False,2,86.00926348141343,801.6418472928221,0
365.2036250052884,8,True,55,True,5,57.00023639349404,991.6885465786901,1
180.25755623767543,7,True,48,True,3,6.628346364300558,472.75127486500037,1
112.26957511070984,2,False,1,True,6,20.23445582202239,153.5900646176363,1
73.34426392201789,7,False,71,False,6,51.785922420653336,374.79722793703604,0
625.7566624100756,9,True,28,True,8,72.39656654526775,793.7203662302146,1
144.29490698965392,10,False,24,False,7,61.30511303920666,704.7019063289124,1
344.0047293528365,0,True,95,False,7,13.52527359923048,567.222492485688,1
669.0342290414886,0,False,51,True,9,83.38765178789849,380.11757179732945,0
853.6668930680582,23,True,49,True,6,39.60995224825053,249.83448165573097,1
193.7363096558768,8,True,31,False,9,53.333772637756105,418.76588117660583,0
604.0935458747858,3,True,67,False,9,28.453394765581216,611.5357001084747,0
138.49412546584577,4,True,51,False,2,26.585974959224934,257.90386049714255,0
310.5851670897481,3,True,27,False,6,84.80242176762096,953.3188694933992,1
660.6513765725755,15,True,72,True,2,71.59249833812888,696.6993520041258,0
510.22250052609604,16,False,50,False,5,95.10822148904607,583.5981617316304,0
275.01852000120766,19,False,80,False,3,78.52292786890833,488.2714909376488,1
37.79405430695141,3,True,28,False,3,62.51066733946492,531.9909739563775,1
517.5071109442422,9,True,58,True,2,35.293148438373855,758.229735550261,0
687.2618415234145,9,False,30,False,2,41.80646604797218,429.61365864960834,1
271.48644169385085,17,False,53,True,9,6.979803001408362,561.9328168904882,0
924.4704159576814,13,True,93,False,3,56.861389959308326,311.9093455222745,0
713.2337965052719,9,False,59,True,7,39.629432235351324,470.6573370710245,1
819.8044697206043,9,True,58,True,8,84.26414669480157,517.5205569505267,0
182.6912415714801,1,False,30,False,2,21.21598886904271,631.0954307610001,1
325.71001148451757,3,True,25,True,9,33.43129249851903,371.1957780732658,0
346.21699431846196,5,True,83,True,5,73.85830232848257,329.2228118294747,0
151.6856295563271,13,False,44,True,1,86.4604576252691,474.3481179746564,1
857.4870898614004,20,False,59,False,4,79.73487137723646,867.0014007410618,1
562.8736840103776,22,True,82,True,5,39.644751857053,679.7349174149158,0
901.3181759332649,6,False,79,False,5,30.019880732862326,414.0166400952468,1
241.82792484193132,9,False,44,False,4,54.279263541612536,435.98794252461204,1
961.2988543642389,16,False,20,False,4,67.55710284028481,301.5026021760183,1
394.18772736654404,21,False,20,False,7,81.40497469056218,319.5625281200272,1
916.1507296044124,9,False,80,True,2,33.498495124425126,151.16806080382696,0
863.943364434851,21,False,16,True,8,29.994429850475722,812.8293113795868,1
182.55366041082294,15,True,93,True,1,2.657756576944392,346.55523343825155,1
234.03417682132002,13,False,99,False,6,79.21334944243316,722.8756812537979,1
141.8476834265384,6,False,57,False,3,38.75812132653107,849.9735474067643,1
431.3364310045031,6,False,29,False,9,13.846774794117618,481.0320776731513,1
139.62907622918297,5,True,14,True,2,69.86580543228091,642.353936786522,0
630.7965884996219,4,False,99,True,3,24.783608866012447,155.37656850986585,0
372.7383989322319,21,True,98,False,5,78.17388061525268,802.9675685552843,0
734.1712122683391,16,False,15,True,8,22.97533372735224,627.3087987387407,0
678.519288006665,13,False,11,False,2,90.74628942962491,565.3239462037845,1
297.432489215873,20,True,20,False,9,80.20696243221698,622.8679387164722,1
307.7092077496765,23,False,97,False,1,34.658561814712414,881.8535150092022,1
836.625144937976,16,False,24,True,2,44.784014559135244,903.2345307351933,0
22.81594555632868,4,True,64,False,6,27.025966569758115,523.9327259581755,1
353.4809222589521,0,False,91,False,3,25.76391053124404,445.639470025056,0
295.4840902582081,4,True,57,False,7,78.25289832894218,901.9521404303705,1
182.36131786921328,15,True,55,True,2,63.612310550469694,662.8084291932995,0
691.6268003675812,9,False,16,False,2,18.782109064014172,154.96032225522086,0
960.4382796373164,20,False,8,True,9,38.03979015365201,984.1325917040282,1
626.7223423238871,16,True,30,True,9,30.470191242447733,200.79005084813343,1
728.7790928486542,7,True,20,False,8,25.426731941511562,152.30292364923972,0
174.12986206699958,18,False,69,True,3,90.16138711344665,139.65948843515804,0
578.9302783446802,13,False,92,False,6,86.02792895130506,513.9955035520059,1
908.5629805984813,20,True,94,False,7,47.54309143994902,272.49243951738754,0
704.363163210527,2,False,77,False,2,91.14082432138308,998.1348809080937,1
840.3969852701968,19,True,22,True,1,14.917146453430112,927.3028064445423,1
614.6798700366862,1,False,15,True,2,56.12168472900296,623.6109021732397,1
422.3062816173226,9,False,18,True,7,67.78529609095281,909.6741645206331,1
719.8694536012324,12,True,9,True,7,95.40549512375235,276.8084822205928,1
112.70518032595733,2,False,10,True,9,4.909865712757194,576.6691847066546,0
785.9193286341869,11,False,1,False,2,33.84161028838128,124.67512681488807,0
408.22096707547036,12,True,74,False,4,12.066931316165931,638.6326259359382,1
531.7075443186608,10,True,15,True,2,65.80119615413548,221.94498903135423,1
467.0035319318456,3,False,65,True,2,63.27941963771957,954.8054860415006,1
242.50736488518478,15,True,58,False,3,52.344078871241635,982.1770587602256,0
463.665068154421,1,True,46,False,5,58.862720773655695,448.1258201249385,1
456.84319956654525,12,True,2,False,7,46.06926433612215,390.82808954172765,1
506.96601485328074,20,False,41,True,5,53.55757982271685,746.6329233249395,1
242.9477409974927,23,True,48,False,9,62.94117782315863,243.5903139651769,1
995.1193618890234,1,True,70,False,5,22.961129502083704,446.3631049437844,0
881.5437531961211,13,True,66,False,4,89.91893416120902,173.26426237221472,0
775.0992991261795,15,False,43,False,6,4.815193562093669,673.4916766151036,0
807.0280677932719,11,False,36,True,5,84.57997981741599,706.8897153795223,1
288.77856505096327,14,False,76,False,8,80.26287265846288,621.3483936474521,0
819.6919417731339,7,False,78,True,8,12.605837409198656,749.7389343806992,1
396.07088377103656,3,False,33,True,5,30.41846296576683,298.92359790883086,1
955.9114112822,6,True,56,False,5,1.7481429758322609,283.5196514093852,1
958.684528072639,3,False,62,False,9,61.398560237710065,400.5567270721201,0
125.89209100955878,10,False,94,True,2,79.89137783097215,175.1941463359032,0
828.3377902901306,12,True,38,False,2,63.80663216892173,774.15731831978,0
743.3701139451157,5,False,20,True,3,72.04096579652224,844.8454233339271,1
340.9505674164816,15,True,18,False,6,65.82627310341785,948.5896534609352,1
844.9120854400411,5,True,91,False,4,42.96492649677245,223.01414589238573,0
254.4701577840561,11,True,56,False,8,61.81925602417877,306.8131760628337,0
102.32980697793698,18,False,70,False,7,1.6206217978755395,376.2943771239459,1
441.436624185862,8,True,60,False,8,82.54927770239813,368.6087074170624,0
844.5086470380368,12,True,0,False,1,85.15671389031773,912.7239498028291,1
966.5557171091457,9,True,38,False,6,12.963301392209168,227.61241859915862,1
294.4086054499651,5,False,82,False,1,81.93380653337591,845.0541034931559,0
599.6582961282398,5,True,8,True,4,1.4016380926868348,132.58919193015035,0
813.1108968549902,4,True,96,True,9,32.45469831270149,172.21426216423728,0
52.63328677096331,4,True,87,True,4,71.9870188370824,457.7284398167119,0
794.2326802796972,9,True,65,False,6,36.44389130875394,771.6321721346258,0
96.06183962517267,20,True,47,False,4,87.792589476859,716.3574100353874,0
348.67501138308137,17,True,21,False,8,81.21975740384993,782.6919736819882,0
840.8008932958049,3,False,87,True,4,38.11177851790467,963.5380995604806,1
512.793995211448,4,True,62,True,3,49.38234528925652,944.4050438295693,0
671.8437500361694,2,False,21,False,3,62.49291309691882,321.1977983461287,1
943.8797413735249,18,True,62,True,5,91.1891844791643,523.0025386570615,1
952.8230329874809,17,True,45,False,5,76.65033280640834,738.9135104753141,1
991.9838677356225,5,False,69,True,9,12.814484926407944,708.4110360265422,1
393.29907350959763,10,False,69,False,1,64.18906533116424,282.4737076871627,1
271.25748404229574,1,False,93,False,2,7.240086079715994,922.0393620599144,1
642.2005908481177,9,True,89,True,5,47.50631981141232,876.3060056333202,1
862.1508980714266,9,True,55,False,9,80.6680848284365,489.05804397752445,1
144.82460016547583,15,True,36,True,1,54.53419967351417,514.1742826167856,0
245.81529859505306,18,False,56,True,5,48.93542287563837,205.88861021577375,1
570.5759829585172,0,True,99,True,8,54.12696654927375,991.4243396432489,0
766.2926272192092,22,False,7,True,1,78.21644156357443,819.1130337962063,1
698.4405450089866,17,True,19,False,6,36.22059327391186,404.99957370183785,1
756.480636039173,5,True,73,True,4,82.4029928229703,803.679190950947,0
832.7081619208623,19,True,9,False,2,77.45376498958016,120.02783779049228,0
913.1914699288834,14,False,63,False,1,58.75620056464372,186.42642324792865,1
776.1042526167671,20,False,98,True,5,65.13974242255232,650.2744580739949,1
95.20099388338977,21,True,16,True,4,77.68874289713973,870.9148956589761,0
767.1076971886748,3,False,4,True,4,67.60269189394096,131.6838117715505,1
190.83538751777607,6,False,70,True,6,63.990394469044034,917.9873688483921,1
513.2835752897226,20,False,20,True,2,59.638149629377786,454.0383295033891,1
734.72854852492,13,True,57,True,8,19.070252275877124,492.1905660356432,1
346.4157146521086,19,True,64,True,1,74.04275332823167,928.5204222308842,0
611.0022932559141,4,False,40,True,4,50.624742233997715,754.3053635174301,1
505.8742355469175,14,False,15,True,6,84.65865122406085,100.56153218647407,0
496.0285789338787,15,False,36,False,9,5.501502511227817,349.5705611333018,1
907.0432030883054,23,False,89,True,2,85.41066260313276,104.28981090912836,1
743.7701025914226,23,True,47,False,6,50.44665722795092,936.9083902831462,0
388.35901726828104,18,False,87,False,4,4.215180296707668,837.9084269099509,1
818.5629411008703,9,False,77,False,7,72.01546612854722,873.5481898807666,0
220.349380078596,14,False,39,True,1,58.577957279716514,609.4539748312382,1
442.33482478445035,22,True,23,False,8,6.1972664216661295,110.94344360694973,0
474.1534060750965,4,True,83,False,3,48.249091109803814,119.11118431785019,1
580.1562618801413,20,True,15,True,6,7.5597728192624265,567.0429717154366,0
543.7963251873496,5,True,14,False,8,97.33388863369834,441.12369436163925,1
626.8388028839831,5,True,30,False,6,91.20597346042551,273.5265879411812,1
734.666153788721,0,False,4,True,4,70.8181258195723,922.3464013118771,1
744.5013374364496,11,True,6,False,7,63.14601355393665,389.8428703738608,0
170.86306602050655,3,True,63,False,1,71.43195334226607,949.2738834522497,0
180.2556943441467,13,False,17,False,8,23.920610305136854,109.97500816616095,0
850.8820791617202,4,False,19,True,4,13.17997592688578,563.9829501749136,0
847.1106642579209,13,False,15,False,6,96.73878741666752,434.47759059657363,1
787.1784965221104,13,False,80,True,4,58.581373165717714,755.0486502807938,0
529.0845288643375,21,True,27,True,8,37.740546031331235,516.4510533048322,1
589.2654028098798,13,False,78,False,6,4.600500555267452,748.969910377241,1
289.28791528092484,13,False,65,False,6,4.4351081697606265,623.9982312889326,0
642.0338694869762,17,True,72,False,2,30.466195892257183,993.9925155549482,0
173.55050484399018,21,False,85,True,3,4.022890493328354,756.3807111479526,0
646.4594833666409,12,False,78,True,6,32.02051224137654,628.1940277956871,0
885.122912816089,13,False,89,False,8,41.27167425292012,605.3029624263249,1
273.59981961222746,21,False,36,True,2,10.672858430914452,610.1422856853245,0
47.604772676574264,10,True,35,True,5,17.43436022708361,899.3397545016891,0
190.7756716003747,9,True,98,True,9,75.66504383093411,516.9921664048817,1
29.553071046821675,17,True,0,True,8,17.417792999219678,299.85374360538833,0
955.0777772064212,3,True,97,True,7,5.615495162016415,439.1150618967675,0
806.8097985647493,0,True,45,True,5,68.94370831800227,670.8586419761322,0
248.0808391251243,14,False,76,False,9,97.4097148410472,637.4689173159331,0
46.03912749721811,9,True,18,True,7,29.01990060711736,989.5837570059672,0
349.10387576754727,12,True,20,False,4,9.05181016982571,472.74436975433025,0
47.01150267495029,2,False,47,False,4,26.15034586134734,930.3936278271578,1
915.1696742834316,4,False,89,False,5,72.30150438083228,372.5171992167851,1
955.9548768268751,20,True,78,True,8,73.79343538953682,283.0661331135863,1
513.1219555167761,5,False,32,True,2,25.33284396521718,280.3228583648453,1
430.98654878632425,1,False,24,False,1,30.74786489840434,408.38140483970886,0
922.9358507590056,6,False,14,False,3,15.116115784065226,731.5244471613782,1
685.6737614575411,19,True,66,False,3,5.240576198176005,845.5491097104921,0
778.5303256083147,22,True,0,True,9,3.8835980723510746,304.1420169880969,0
232.39262349074681,23,True,68,False,7,52.96068563980136,548.5768256982677,0
55.121743090364795,1,True,47,True,6,53.680988844078364,354.0269591019746,1
507.65392271042606,4,False,69,True,3,61.152764459344226,811.9417071823304,1
995.5043287859777,9,True,31,False,6,11.677660634222105,486.6558799318134,1
513.6687062685471,23,True,36,False,2,56.385492043229775,284.53518486271287,0
658.7837020492009,2,True,6,True,4,55.50623704972469,793.6034058932457,0
848.9773620863627,10,True,9,False,5,6.654784027712444,284.4675699752063,0
567.2459558250275,19,False,14,True,1,6.513949949659659,306.4818612505029,1
317.7083537053598,18,True,31,True,9,33.61527896924943,112.82829015969997,1
273.98605441027655,13,True,78,False,2,57.88491295030835,295.68940695341325,0
505.93671265680183,14,False,43,True,4,97.28914434117543,531.7417760886798,0
831.2384084056645,10,True,1,False,1,37.02846510067593,724.5358807459189,1
219.5231931989778,10,True,55,False,2,86.04922566057292,897.1061709441324,1
744.5232079358532,16,True,1,True,4,43.065357083362976,571.1396633240333,1
349.09984985825133,1,False,32,True,7,69.30689292740011,421.7629775521592,1
226.21563578790236,13,True,28,False,2,82.36125365155358,715.2206716173187,0
816.7072417973424,18,False,31,True,8,19.852890000106004,864.1782499051742,1
332.3767898184771,20,True,80,False,5,94.74443743712767,116.4010221902154,0
813.4020882546615,3,False,35,True,7,38.42772662991986,952.7098607207979,1
100.97006590595514,9,True,75,True,8,56.18256639614737,579.4695120492645,1
321.4020157446047,13,True,61,False,3,82.60109658884839,626.3745401273676,0
431.56635354498894,7,False,9,True,6,14.962551161014886,995.0586304412685,1
664.786504510027,15,False,23,False,3,43.97028482969902,145.3979543246071,0
498.9674479052533,3,True,23,False,7,58.826889217513575,565.9115401255337,0
56.330788708121084,16,False,84,True,6,88.28199803753563,437.93758740755555,0
42.4183607638127,13,False,50,True,8,4.758275241610462,760.0378615575964,1
220.67433679547793,22,False,93,True,6,81.18360913147662,363.74877201653953,1
868.3967860767701,13,True,0,False,7,9.800166242512239,742.9186930625657,0
713.2047677866715,7,False,64,False,2,60.612586290345995,138.1536194738279,0
528.2214298660821,21,False,52,False,6,4.426626645776695,758.8895683133479,0
549.4927026408943,21,True,94,True,5,23.858918863672073,251.46731428835943,0
545.2235342672867,13,True,55,False,8,1.5486439971189139,334.44045500020843,0
334.744371593534,21,False,4,False,8,44.97631927185047,455.6660143322136,1
776.857865954512,11,True,20,False,9,80.40767726248866,644.6364946935639,0
612.7672792656507,15,False,24,False,2,90.47638866039509,285.74022564654064,0
643.4158721730511,4,True,56,True,7,19.508227372621896,857.4745970139938,0
313.738561795382,2,True,54,True,8,43.31813160148493,536.4880358366149,1
709.4076290751175,22,False,80,False,5,38.94053637710246,622.2924130700009,0
140.28921348492005,12,True,88,False,6,34.64180878649209,943.7644458336911,1
206.1976426775931,12,False,82,True,6,30.615596814743867,528.9356775424021,1
333.2285371925014,4,True,6,False,2,9.283720658883702,975.3938456080647,0
19.955978434536902,16,True,24,True,6,39.19151729419756,749.4233073583835,1
388.9064990495082,15,False,86,True,6,79.555176239592,188.14534585387167,0
815.5851199256552,8,True,97,True,5,73.1136967999822,656.6036099153641,0
718.603509951933,15,True,3,False,9,57.25559619889724,284.63085309037086,1
596.1293486548467,14,False,58,False,9,99.0243448828947,296.4677624642716,0
372.8695814029433,2,False,29,False,9,30.56263583103796,262.0322200394467,0
436.7246824822537,11,True,35,True,2,6.14203571997221,241.59959482065122,1
701.6938166369805,4,False,89,True,4,12.321403509109182,557.3290134774008,1
967.1266735466006,17,True,7,False,7,47.970235914707835,930.0117212568529,0
247.25187262440193,7,False,14,False,4,28.13603251365214,677.4413143422437,1
859.3923296907479,4,False,28,True,5,14.162370251664038,695.5906325197673,0
770.7742477256559,7,False,81,True,4,72.80604162245949,186.37161026387932,1
862.28971613569,8,False,89,True,2,46.855772550905755,446.20541467821596,0
352.145327154504,11,False,70,True,3,71.81234738466239,837.2556986900328,0
573.0791383405943,22,False,72,False,8,58.15814015311178,781.0351716049911,0
111.24069453215414,7,False,17,False,8,40.52919642437399,455.78917485506463,1
762.7201460843146,21,False,38,True,4,12.995651522606911,423.40547948267715,0
750.6162291706597,18,False,64,False,7,70.36891237779018,322.08292888057514,1
487.7503235165548,5,True,18,False,7,37.22062396861998,970.6310756511762,0
20.173670904049654,2,True,11,False,8,1.8042530132513654,398.4976392041553,1
183.14875672855698,0,True,0,False,4,28.441930416404087,642.5343932066272,1
407.476424641353,8,False,66,True,4,5.416748029442668,640.1000379861478,0
416.902951827783,12,False,56,False,3,32.12182864213018,745.9451758287846,0
451.43855455642273,7,True,5,True,6,70.15441730734068,120.42477097895438,1
685.3170310974533,7,True,24,False,1,94.8573849798167,235.22033338029215,0
999.0466890038663,13,True,89,False,9,61.03145611522223,530.3053993088517,1
330.87404953875347,3,False,9,True,7,65.89083229730728,499.5638381144082,0
908.0486544835096,4,False,68,True,2,41.493786110229095,665.6997052745166,0
743.3743151982387,15,False,23,False,1,88.1878714624337,464.9279632748268,1
153.24641754500036,15,False,44,False,6,87.6082937452773,852.7972451063963,1
455.804774151754,11,False,77,False,4,86.21945159857086,799.5734567517712,0
493.5134177825604,0,True,98,True,9,12.245935453006497,223.8962256036132,0
217.5289138508903,20,False,65,True,4,97.81993224191481,338.25230473071923,1
983.3770048054608,14,True,60,True,3,70.42175964955717,333.45182221110304,0
907.6706894759758,22,False,55,True,1,44.83651552671,465.62538959829413,1
229.97413917410623,7,True,85,True,8,81.06402509804953,350.77341762287057,1
915.2387530936701,1,True,9,True,2,83.93890772162615,562.4333402426981,0
182.4984794190529,10,True,37,False,9,29.479637491547802,803.9906939533025,0
324.40231769890454,19,True,25,True,1,39.279013657914405,450.9913612845886,1
173.1158964619558,20,True,31,True,9,54.01786289743898,524.2196558516371,1
870.4701747846715,17,False,13,True,3,27.767997499277215,984.9314364870702,0
416.6095966349983,5,True,79,False,8,34.65937819550941,335.1722670352318,0
750.3254330689122,10,False,73,False,6,77.54489443832095,790.7798572644386,0
92.47558762143595,11,False,37,False,9,80.67861332572951,186.77814735633018,0
920.6783543065026,4,False,3,True,7,68.64271501287611,740.9822044938833,1
415.4728625990979,16,False,51,False,8,10.822263342750443,832.1589638328466,0
88.66928556937806,11,True,29,False,7,65.62267111160324,683.2334967677731,1
222.51179351754254,2,True,30,False,9,38.342160925631134,216.92651192785763,0
335.79456563710727,15,True,6,False,9,31.870278036086585,885.7280882598948,0
863.7270842981578,7,True,42,True,1,43.350512549526805,914.5505749300468,1
198.93251570356065,22,True,99,True,8,78.21084796252579,420.38856545943327,1
620.1103263028804,20,False,53,True,7,25.27937070839098,375.30215176903886,1
771.0021902108216,10,True,99,True,6,33.1070980818667,510.32538966661696,0
639.1887943183407,13,True,88,False,3,49.03320094352877,529.7202555368996,1
342.27492835602135,14,False,32,True,3,23.929103159162807,570.9324171091091,0
660.790463083618,2,False,6,False,8,60.06651237375741,262.13294500961996,1
427.93098639448044,9,False,91,True,8,41.07827976739329,298.7500163460394,1
435.1563051366564,22,True,64,False,2,21.51204088146758,280.0513703937762,1
822.6017037703091,6,False,33,False,1,10.004872593357968,301.1559051216594,1
403.20193407991604,19,True,24,True,4,14.479953541179576,519.2386580288696,1
93.91036827991292,13,True,30,False,3,41.11500594467495,981.2097973957784,0
789.5763290627925,7,False,57,False,6,73.49933322578974,811.7386964522796,0
117.7336071767106,7,True,70,False,9,30.033331804347416,852.3198994830965,0
747.8829669090765,17,False,76,False,2,89.51948901287382,865.6188738535963,1
325.0317366822046,12,False,91,True,4,98.92459228726544,395.1362740945184,1
908.3250391787564,18,True,69,True,9,77.81409737408269,868.4850694883305,1
738.0685567074424,18,True,75,False,1,12.628025666345959,688.3448917762206,0
310.2650088707109,11,True,88,True,6,95.03009046109153,142.42443689858217,1
404.76868280880046,8,True,12,False,2,92.28593280574758,728.4253404509475,0
100.82367062717904,15,False,6,True,7,16.18379477018745,849.9140852437446,1
918.8730264821977,16,True,98,False,1,69.58812472415161,503.34213107807267,0
568.9170900202621,12,False,60,False,4,15.225678287115425,679.3697477673957,1
618.1271126093675,2,False,82,False,5,62.21255643551357,826.532819697583,0
784.7596911447487,13,False,82,False,5,46.020761051102156,597.6283477333811,1
807.223896561513,11,False,1,False,8,17.67371532889331,714.0636299356318,0
577.1669241402113,19,False,53,False,8,84.58982700250212,672.8946421611163,0
581.483096857031,11,True,94,False,4,84.60729791955568,997.3246260027556,1
788.2740279512282,7,True,76,False,9,10.355060980399372,278.37693467681237,1
351.39233698042466,21,False,0,False,7,76.7554791142049,990.730143555022,1
409.1768323571365,4,False,30,True,9,57.14087281919908,873.7616244163324,1
220.50675431908257,19,True,65,True,6,6.898554955993439,764.2404682718374,1
354.4772378413981,5,True,25,True,5,56.6934824700348,826.6717428997217,0
794.6644428168634,4,False,86,True,7,80.55854312982825,934.8241329278897,0
128.68403469084276,10,False,77,False,2,36.39340374621327,261.18708649428214,0
551.8207959358643,1,False,65,True,3,98.38865357092071,506.3600786223567,0
349.40627832269047,20,False,15,True,9,24.013096972533848,130.01916309809585,1
989.293915003104,14,True,39,False,1,99.63168717150637,411.0392677641262,1
883.7766317001842,7,True,80,False,9,6.327193649067532,347.6466191850393,0
689.2262567062719,11,False,56,True,6,96.65494191753737,702.8061823990388,1
917.5644638909553,20,True,74,False,1,23.86528066488331,235.90154202970234,1
332.526518423775,11,True,7,True,3,83.12591900659213,991.7078126593883,0
566.4465139395705,2,True,68,True,2,42.44286289020634,822.7088096142662,0
97.65133151719792,7,True,8,True,4,51.10184628467133,112.99508351460413,1
142.93689202592472,17,True,99,True,6,77.5826383477262,490.0759284964365,0
831.4152997096867,12,False,35,True,8,14.468676947711774,174.66911113809618,1
745.2396730580052,16,False,75,False,2,28.854401984967964,555.1690972053641,0
264.06281289010985,4,True,76,False,9,11.678625824466483,830.5677721734763,0
112.43652964796053,11,True,86,False,7,13.193148345602795,229.88130636911842,1
28.984326659426767,5,False,90,False,6,70.93897521193402,391.4684822555327,0
188.34769384898266,17,True,97,True,3,30.060249878031165,950.3338800335872,1
440.8150220026123,17,False,2,True,8,6.397489120510992,109.8913359513403,0
69.16701382338564,19,False,74,True,5,12.87872843787961,661.44616286813,1
191.61692692597242,13,False,19,True,6,81.34472712953827,461.8415567224779,0
791.0152950490511,17,True,79,False,9,8.980812149436723,177.35118020235848,0
958.7406063961982,17,False,65,False,2,88.46020440672935,399.28808750521375,1
157.83048080858353,0,True,59,True,6,49.264573468425475,720.2866074201137,0
184.04914565309113,21,False,40,True,9,26.927361329544524,783.4873679201828,0
791.1223002280576,7,True,95,False,4,94.63847380487493,310.5223075295729,0
815.516159057388,10,False,22,True,3,37.250848673176385,547.1347832680767,0
759.7514275824236,1,True,26,False,9,46.72571363436981,565.0462926282427,1
522.1207180996249,22,True,83,False,5,84.99534481397437,395.37177241322195,0
471.2205399028466,5,False,73,True,7,73.83920657968605,714.2952915413528,1
814.2303914584601,13,False,78,False,9,86.09727098563448,493.62350190423246,1
834.2173457254469,12,True,85,False,3,93.63267170253643,203.7025858965559,1
997.7415770804937,16,False,93,True,2,70.16101883149136,791.111762916159,0
48.42237152192622,15,False,3,False,1,26.692084198671896,922.9074680277158,1
762.2852108175845,4,True,89,True,6,30.99237670777042,273.75728242253,0
197.64888412495478,19,True,52,True,1,12.059283118598172,100.95484609608594,1
158.76096872027313,20,False,64,False,7,48.988626466548276,888.9947462646072,1
593.5049435280048,8,False,92,True,9,91.19026360539067,106.95011169632366,0
588.988063272398,8,True,57,False,8,64.30178924668007,153.69145512142745,0
895.9929576791498,8,True,84,False,5,63.53967444941755,534.7389328235196,1
326.47322331020365,2,False,34,True,3,8.022691096501216,371.1460562285823,1
228.4467125842146,21,True,98,False,3,72.0035347633312,430.4694395866141,1
808.5955202627374,11,True,78,True,2,90.40929979341637,136.17436254263478,1
171.7830759971001,15,False,50,True,3,1.7845126164663951,404.74359867655687,0
599.2581551549437,19,True,87,False,9,75.9935288504977,322.4169271960394,1
316.8253628383295,13,True,86,True,4,73.60541665482052,443.8040634807357,0
561.4162054992134,10,False,32,True,4,87.23692413836996,854.6568353105484,0
535.2511211206594,19,True,61,False,6,40.08633639180584,936.729639463813,1
941.563750485793,10,True,48,False,2,71.47843354718488,103.15362631384276,0
621.7772542515613,1,True,35,True,8,9.950774759356305,187.52709305766703,1
303.3376457334778,5,False,49,False,2,61.85299838048682,588.5287910590768,1
154.8218644614332,3,True,23,False,1,86.29813431180703,809.3030267444844,0
257.9550249240218,14,True,35,True,5,85.80890005618971,109.51509888318913,1
456.6728329692295,16,False,53,False,9,72.72742275893073,617.2961624400957,1
60.838727721065716,4,True,56,True,4,58.25264266718958,735.104250169125,1
835.8953258128143,13,False,50,False,3,99.29600607166482,896.9738013177091,1
658.8323564046484,2,False,32,False,7,76.7126373812014,128.33303420428706,1
561.9618663438027,16,True,58,False,4,58.74631940401093,809.3903102307092,0
870.1909358916573,19,True,97,False,3,43.560098254201776,166.3913322807422,1
630.9841445662285,19,False,82,False,7,85.42295804853674,412.0655867696277,1
346.8635526870463,1,True,8,False,9,88.06823986829393,424.0227741397968,0
192.45825422541245,5,False,61,True,4,98.22750734851614,273.90501520969303,0
697.8018316491795,1,True,77,False,8,85.32513942894276,607.2855384891102,1
948.0689987970945,7,True,92,False,4,46.19707720057759,144.8154533054755,0
403.92533627076034,7,True,88,True,6,25.062154390671754,294.70300928019185,1
661.94273858196,11,True,79,True,7,43.27710136621549,486.9434318806891,1
975.9732515036496,11,True,81,True,1,96.93499803990329,983.0992534742052,1
332.74532506462253,19,False,5,True,8,47.22129257151613,626.8762573859315,1
754.3509898913268,16,True,31,False,9,29.89334511861217,461.563941791929,1
307.6870176417441,2,True,44,False,1,3.6135494485943163,972.7721504249051,0
306.45581299798954,23,False,44,False,4,29.89525317415112,306.0034107985292,1
765.6287794119002,1,False,23,False,1,58.43174310508978,571.0450281099229,1
874.3836399525596,13,True,54,False,4,92.39766054589761,408.9465289717353,0
853.1880071204107,13,False,10,False,4,14.587191472411794,306.88120086728225,0
274.26427823118536,12,False,8,True,7,48.22135646434327,535.8699125118765,1
324.081438536728,0,True,11,False,6,87.19322815509727,235.88546178054384,1
505.19642369065355,5,False,91,True,9,62.042231423185534,806.1072656188916,1
494.0632688872801,7,True,80,False,6,67.77675220939604,159.01989238109329,1
850.8891421344722,1,False,4,True,7,40.98899117730023,277.84762532849277,1
970.0185533121197,18,False,96,False,5,12.13333031762458,136.305943565809,1
548.2380402352699,5,True,33,True,5,60.44881727643848,896.311765491016,0
478.8759772287301,23,False,33,True,2,46.34549967081416,938.3724913126387,1
403.45813749651586,0,False,83,True,5,25.60564381220293,949.5706423619705,1
205.1286834341212,19,False,80,True,8,14.512970295221484,954.9694042457062,1
524.5813964502438,7,False,35,False,5,27.645772528158933,473.28507296425636,1
646.6164015486555,2,False,51,True,3,75.9847694619332,812.6260042972277,1
650.4419750563525,9,True,98,True,3,72.51252300307809,304.8921121176592,1
330.7077224366418,10,False,39,True,2,82.46314748695372,979.6564323434482,1
457.0811974134321,23,False,30,False,7,30.46311301856997,578.1278701136238,0
643.3394694720764,23,True,23,False,4,86.57436103926109,914.3849567105308,0
640.4183010918201,13,False,45,False,7,7.85823374052409,791.1265300823922,1
196.8613387950722,7,True,0,False,7,91.48860664449197,660.708562845734,1
418.3249978803135,11,False,91,True,8,44.439273388243755,737.2354443951597,1
887.0085797772649,10,True,72,True,8,83.01794945289564,797.8050086992787,0
109.2666708756093,4,False,75,False,1,2.57467510539464,437.31397977193683,1
255.6618832514956,4,True,38,True,2,47.205994898473044,168.56605183284836,1
497.63223230802606,20,True,42,False,6,40.972650176631326,297.8988914687814,1
569.6836130886371,4,True,54,True,7,91.62863376644827,606.192399741705,1
199.8699714828704,0,False,49,False,7,94.07987784897843,578.8436260285312,1
583.0392085534621,20,True,27,False,7,61.94206282248749,743.34345238754,0
709.8297793797695,13,False,44,True,5,81.63318708408627,984.5672062354832,0
654.7877321575579,4,False,87,True,9,96.82417793974754,230.61100367449296,0
626.3666621037347,5,True,38,True,2,1.8747198687275561,553.2679177694575,0
115.5539421255227,15,True,10,False,2,70.94777096855269,536.6632298315974,1
697.6179882125841,8,False,29,True,6,27.62901353720856,529.9359892312891,0
335.77881559785254,7,False,56,True,7,75.17174491867767,707.2752153929493,1
189.62600375142472,10,False,47,True,8,70.38580197427785,204.49193004955595,1
811.1168342410218,15,False,83,False,7,43.689739243163515,222.1162369871971,1
472.6012952685165,19,True,30,True,1,9.026101421461606,889.364857061289,1
776.6104148660663,15,False,95,False,3,92.54058650214577,242.65009746363063,1
584.9968600810462,3,True,30,False,8,91.02885665131141,584.5141432968475,0
550.2252973074446,8,True,68,False,3,63.4286501388222,498.3144542104778,1
26.57461601004497,2,False,53,True,8,80.3625551272848,939.7261496398581,0
321.2335612070254,14,False,53,False,9,30.088591207467303,755.489094263573,1
224.96124387101148,3,True,97,True,7,59.89741524673243,419.03254303293136,1
122.91950856776232,1,False,12,False,6,62.69919278338614,774.1046554003427,0
90.89775277579784,3,False,2,False,6,82.32085301525133,548.825258315574,0
933.5121116832285,22,True,17,False,4,15.050722737013114,605.4654229204477,0
374.7078252207458,0,False,78,False,1,28.621943767647853,561.9175501924816,1
311.41864107529807,17,True,36,True,3,89.76541967454989,749.3431550886409,0
104.97131558670644,19,True,30,False,4,25.88919413531473,513.3200657873562,1
173.68393727924015,5,False,10,False,6,26.633366487274028,958.7604901734575,1
474.36657483779607,22,True,28,True,3,9.807957968172166,932.4532916967679,1
798.8766178995843,13,False,40,True,7,67.48987857504396,780.7460146263837,1
225.48626531507577,15,True,63,True,5,14.177239257194346,249.36873553224083,1
214.70057138258286,6,True,65,True,4,43.70853122685069,905.197425648412,1
970.4821916114333,15,False,17,True,2,27.15006445792363,599.2234846440772,1
676.95793505127,11,True,80,True,2,24.281225337031078,530.9017856617339,1
199.31962706392906,13,True,29,False,1,16.080343442682413,762.024647814723,1
579.3466361809302,4,False,7,True,3,16.95704549250809,857.4783680271049,1
393.79644300112034,2,True,3,True,9,51.4999712013201,782.3519596032393,1
90.39680348706503,18,True,41,True,2,2.4585940162402387,350.1882788824153,0
745.4687996287583,13,False,57,False,7,10.546615478528206,622.0878689752973,1
953.9454268361869,11,True,39,True,8,11.86121984686599,652.9312759673174,0
724.4374854568863,6,True,57,False,5,73.87366879534986,114.25383071072766,1
934.6145526907183,9,True,50,True,4,53.32956605570786,802.1359796481221,0
382.64056782891834,11,False,74,False,7,18.354140109813052,875.8389491121565,0
893.4879221031644,23,True,88,True,6,81.03407497369717,501.75924607064155,0
731.0381726236816,7,True,54,True,2,89.76503301873525,211.57206556836513,0
891.4547341303339,3,False,58,False,9,11.57519916994499,789.7977027811029,1
716.8822509636153,22,True,92,False,4,45.698438865744706,528.9218418047899,1
842.6616333295098,22,True,31,False,5,15.479790656202095,320.0647366928844,0
752.2393549967379,18,False,50,True,5,47.28660351987387,276.8017333541319,1
435.1024580265635,18,False,20,True,8,42.48951151695605,733.3326772984441,1
531.5625264809372,14,False,59,False,3,39.07585700225808,521.7657108922162,0
274.0997590182636,19,True,39,True,2,79.1344116365571,580.5265052294731,1
257.3054143336181,9,True,42,True,3,25.77904158420401,376.84622740098695,1
194.00404047143255,6,False,70,True,8,89.27651694372356,948.4456902708049,0
275.91662527696644,0,True,74,True,1,70.29113480702748,483.6898552114551,1
374.36356921925676,14,True,75,True,9,26.647687287378993,831.529214911587,1
788.3607902035856,3,False,63,False,4,50.79347324730722,810.5293776273755,0
279.73618356491886,21,True,93,False,9,57.705374317576464,837.995403597118,0
414.72917124688547,3,False,90,True,6,40.94558479145846,435.27040753718785,1
894.1624565406364,5,False,33,True,5,78.08074985012932,726.7793472507559,0
868.5280468063329,5,False,52,False,2,35.56475358726821,373.4981485348025,0
259.48483516003614,0,True,99,False,9,6.132771309511684,900.6129574961535,0
167.3165193475082,20,True,60,False,3,81.67910747842456,279.77033706684927,0
346.81059265901297,13,False,37,True,1,96.3552304387314,990.2617256966511,1
53.08142162907783,11,True,38,True,2,35.25990591497559,410.76417085247016,1
535.2836362438576,4,True,0,True,8,67.72744500274624,463.2859525122515,1
78.99576230227319,8,False,79,False,2,55.85030761278848,600.354830063585,0
767.5393868138801,21,False,88,True,5,56.839106698523636,747.7252807982054,0
917.8957739842235,18,True,31,False,1,46.63933277062009,617.7586928417394,0
726.2944130149784,2,False,9,True,3,64.10325386866677,367.2225541942625,0
546.304533822815,5,False,51,False,4,55.9042243515676,483.04487546764386,0
115.40507998218797,20,False,52,True,1,7.970804316517242,849.3483992889211,0
602.1346287802586,22,True,46,True,6,64.69901139773764,137.8066430120395,0
161.53403421250496,18,True,98,False,8,58.60426742355676,595.4010200152213,0
67.87422552157287,8,True,93,True,7,59.56980846465687,619.423119770836,0
857.5073133865044,5,False,2,False,8,17.32437445035779,217.54666800065417,1
195.5508384213874,12,True,83,True,8,48.893374546865466,834.8081043356285,0
480.02043889294146,14,True,34,False,6,62.25477754903529,120.81876875794339,0
146.27750127989066,9,False,5,False,1,14.524083174095423,732.8457980736318,0
157.0442589306498,16,True,61,False,1,28.312484642812652,559.4459161766779,0
888.7943252650754,17,False,50,False,7,54.79920970054312,578.3629448327127,0
481.58788739024334,20,True,52,True,1,6.145983555963012,620.6095743231067,1
127.4967610477034,2,False,25,True,1,94.08357343626926,234.26591706943128,1
880.7566119772805,8,True,40,False,5,32.919244621502514,841.0199860831856,0
298.12470514765675,12,True,39,True,8,52.526982000756476,835.092593604859,1
648.3456598256414,14,False,40,True,2,8.529679068511626,973.082895515011,1
568.6515729565065,6,False,77,False,9,34.40689196769302,783.4901524283774,0
496.4820636775005,8,True,34,False,5,8.62751801031692,722.719391375124,1
286.958091041025,7,False,64,True,6,36.143018492888025,395.97719562973356,1
206.08580385277224,14,False,75,False,5,21.426513113453893,153.4110582131352,1
676.1248103605803,10,True,77,True,7,20.979137074787797,949.8724128480059,1
620.6456193127042,1,True,81,True,2,2.7704744805617105,808.879604368042,1
332.44460518675425,20,True,48,False,9,83.25118444638102,733.8644864839027,1
34.290195207217586,9,False,58,False,2,51.694569721375785,115.13102752717595,1
701.4530265958265,15,True,40,True,9,5.891664527738983,508.97674103608244,0
307.4232399649123,3,True,46,True,2,26.526319524717987,611.0730055871834,0
961.1582436758991,8,False,99,False,7,86.48800732728154,794.660637208751,0
892.4640231854539,12,True,77,False,8,86.10738605889905,829.8918727872793,1
964.8205319433614,10,False,79,False,8,25.39495144310233,740.8447229006042,1
781.0565733496059,6,True,94,False,6,16.668999934983418,803.2102242624208,0
174.7590994962776,11,False,55,False,1,58.35073932034349,569.5656020929406,1
886.0052762728304,2,False,81,False,4,9.8451942200552,286.7949524734832,0
733.4535966946834,15,False,81,False,2,63.80611396867602,747.4805811080513,1
535.5666200488413,4,True,18,False,1,39.12508091005008,838.3962004173492,1
20.12058001401294,12,True,50,True,2,64.7429496329944,482.8409653789217,0
423.8186036751095,20,True,58,True,3,55.08161727832632,815.9204921506293,1
963.6281871408166,3,False,11,False,8,87.8474052285911,852.2338202647885,1
448.72649467703707,6,True,82,True,4,1.0365515908869707,399.56954379220235,0
399.86016825175386,17,True,3,False,4,43.04700614658997,826.7812685849556,1
438.99211586820496,5,False,75,False,6,91.56457277921658,328.9486614814316,1
701.2336657066371,23,False,86,False,3,74.449313624436,559.249305015838,0
564.1890532884763,7,True,36,False,1,40.35798424958174,304.41182551249057,0
211.8584535550501,9,False,0,True,4,21.889523318155394,358.8021619351699,0
632.7268086127816,18,True,75,False,9,26.56166224132471,950.7299657129089,0
838.873968407901,10,True,62,False,6,58.319056399783385,963.115500117558,0
278.53831431131835,19,True,97,False,7,95.41551515782687,703.3431967003552,0
928.6969015158307,23,False,91,True,6,82.99025226179546,590.4134219162754,0
150.98505198858913,4,True,32,False,7,22.685397030038633,695.3434566417121,0
710.7136328239361,3,False,0,True,8,43.84686768066066,294.37990660873373,1
380.25008577980185,17,True,95,False,7,9.505257867925035,780.2238074032429,0
793.0871562522551,4,True,89,False,2,52.321378270760604,577.0268451771473,1
149.32322509187372,12,True,46,False,1,3.294238348383992,490.33059445644494,0
68.15266024373402,2,False,6,True,2,62.013187933876374,358.9914703369073,0
951.0834967301793,22,False,56,True,9,26.326417527643297,658.7133793370988,1
165.46210503165256,13,False,37,True,6,92.30145593494724,126.41476464085281,1
285.63831467096253,15,False,84,True,3,67.26653201433082,222.1611939496267,1
348.3599814831281,12,False,9,True,4,7.923038621004923,861.040995760508,1
419.485456759705,7,False,16,False,7,45.77117259684567,793.1162403968406,0
785.4739801362919,1,False,40,True,8,87.61144278292784,542.369970878877,1
649.459360116967,19,False,16,False,9,46.458473071829054,482.60073793352046,1
983.0415088251118,0,False,74,False,8,17.926549364325297,527.0459199723944,0
398.92040582828685,11,True,2,False,9,90.45245898296048,683.8258897763053,0
295.170419128294,7,True,84,False,6,28.593283113679774,978.4259460851486,1
907.8408376342296,7,False,73,False,5,67.89283981418363,695.9244001749355,0
662.7108100864949,6,False,14,False,6,23.572662663889755,489.29563909747844,1
709.1833286290843,8,True,79,True,3,24.508976678439048,458.2279078538121,1
676.3055505022063,4,False,22,False,6,52.813305116460754,614.9842766912168,1
847.4560695028557,13,False,94,False,4,98.7194349097084,771.2045014486608,0
121.44226505601851,1,False,14,True,4,3.886423793093464,710.0725796439517,1
422.93861122770943,18,True,26,False,1,35.87697145408107,912.3331517215717,0
519.156044529119,12,True,68,False,6,61.10809113619312,196.75647943585727,0
857.8268903851039,16,True,89,False,3,83.97805119865723,594.1067627015399,0
870.5966048738944,5,False,32,True,9,90.27259349702022,545.9237012086406,1
160.90242121436592,1,True,82,False,9,50.26930407194743,163.30566120561252,0
575.3362268216122,15,False,14,True,4,89.60548442751394,520.9378509540272,1
419.0052756408262,16,True,7,True,7,90.94096905260946,620.9416167362726,0
956.909953289567,0,True,92,True,7,34.455821080371486,522.5206370380249,0
674.6872563154296,15,True,24,True,8,86.36687959972444,826.889167486826,1
811.2978549325835,5,True,74,False,4,28.912538786662846,897.9073188716136,1
658.1826160402104,21,False,37,False,5,69.51707505330322,862.3327924682217,0
101.63647201756014,1,False,17,True,4,37.823788237493126,587.3889113343591,1
574.4705311405321,10,True,76,False,3,58.67453235219048,633.474019961022,0
723.947725375041,2,False,44,False,4,5.833194285290229,825.2893837115149,0
887.2901472507907,3,False,80,False,8,36.31067968293942,841.6695045885475,1
502.26847792338134,15,False,52,False,6,20.465340921247563,205.84752878037136,0
224.88722821389126,10,False,82,False,1,55.18615957993583,448.1443224816001,0
783.679889741257,17,False,56,False,6,25.831602332515523,617.8554217509717,1
684.5626548605558,23,True,2,False,2,15.00481901796372,221.7292248115494,0
763.5047958332777,7,True,80,False,1,62.37645507675274,407.0978127853121,0
280.38679410754264,16,True,89,True,5,72.26306807379045,766.260138476816,0
344.45157793990927,20,True,21,False,5,97.92774283351403,263.4032065186427,1
552.4691069953651,18,True,85,False,4,55.430854232286066,258.55100704886024,1
353.3566788547421,0,True,80,False,5,92.96154691670749,983.9721398918678,1
66.30600372628629,21,False,1,True,7,1.9141955263599875,861.3016520939938,0
158.91410464744314,20,False,74,True,7,77.40546550452127,241.1559037543698,1
255.0088621439815,11,True,48,False,8,27.948826580635576,100.281072478443,1
326.60899072485915,17,True,62,False,4,7.485510644094464,958.1373000396349,0
317.32003844421246,14,False,69,False,2,66.19783885869474,253.36727245821004,1
138.5474588660958,19,False,30,False,3,42.17575812302858,746.3760456188065,1
393.48243345807504,1,True,50,False,8,35.31029254615516,671.5176498751568,0
584.7367875451381,21,False,70,False,9,61.502198959642215,750.7021307251395,1
230.64940881632174,10,False,68,False,9,98.17287327655333,502.51277910379815,0
925.1604103668119,16,True,66,True,4,50.36665536205555,711.1844668682209,0
347.36037400054164,2,False,72,False,1,7.609916418899833,338.16090599532265,1
950.8303123556477,15,False,98,False,6,43.8459066494305,345.49366678780325,1
174.16649717457364,22,False,57,True,2,97.34195749391507,622.0096668597762,0
712.9056833233739,18,True,20,True,5,57.761436548303294,949.0165288641905,1
803.3249318284205,15,False,84,True,4,64.01358414823116,539.8442782062152,0
528.2599653107285,23,False,5,True,2,32.50173414898663,924.9878269613188,0
748.1410681576269,7,True,77,True,9,52.905674717582045,318.5879525646424,1
247.34292750275546,18,False,21,False,2,39.02528868335324,562.7547500196599,0
308.1924191941662,17,False,86,False,1,80.35278342878567,184.6781510892386,0
431.0851064092338,18,True,32,False,7,41.9681552943753,542.2480214735745,0
535.3585258789105,12,False,92,True,2,85.29678036157677,339.84954819009226,0
988.5605318492142,14,True,59,True,8,38.76039491445249,572.5013644108408,1
506.1942944352111,14,False,99,True,7,83.32387838575345,878.0546021053957,1
431.8815320969487,9,True,1,False,4,46.539961140113896,497.68748405920013,1
568.2099189265297,14,True,38,False,5,15.184743961245012,133.3206559659744,0
190.15903931769,13,False,55,False,4,95.62595700218773,647.5091546818082,1
659.2900652868108,16,True,60,False,5,1.9917802840555257,475.00850810965426,1
125.96429128104903,5,True,38,True,1,44.70866278280197,796.7739729676288,0
570.7801616035317,0,True,55,True,9,5.048799159007434,830.3137158785692,0
153.00849001779335,15,False,12,False,8,63.08502774720722,670.6966966220123,1
515.9828626808944,6,False,57,False,7,14.222673235629578,741.8805082577775,0
119.11279072257646,20,False,66,True,1,25.105946522415188,255.9367161222188,0
397.06507127249415,16,False,80,False,2,47.44255230123337,972.2812729987562,0
212.08509079452818,4,True,18,False,1,63.053158236457776,261.28756761869295,0
911.2997606934317,18,True,36,True,2,78.53749179057114,911.7968108875589,1
334.41542638459646,13,True,42,True,2,10.699488195922255,786.430415063982,1
405.7108924215331,4,True,6,False,7,81.53503406746268,795.3502135254557,1
483.0076488244473,17,False,73,True,6,64.40672122912422,373.66903358978544,0
409.92400601556045,0,True,68,True,5,71.43180952895612,974.050906450613,1
468.66287108355925,20,False,35,False,5,51.38434047380711,305.72264934527857,0
278.90621160622106,20,True,12,False,8,2.196088685754015,700.1141512395177,0
13.548453928268966,7,True,24,True,1,46.69027902891879,480.135334470815,1
865.8469715866145,5,False,61,True,6,5.260947433113673,568.8091117025854,1
359.6496322820801,4,False,83,True,7,73.46942840837318,767.18372225196,0
55.66597280956538,10,False,9,False,3,74.10402865443729,693.7473912024028,1
724.5788419829598,13,True,99,False,5,85.1442974610682,754.8719534697649,1
953.8259967525497,18,True,79,False,4,50.3210740046407,807.3622979741804,1
638.2692606832229,6,True,39,True,5,7.845639092337153,998.4276937678529,1
504.0082286320242,0,False,54,False,8,6.238477428097504,292.7994562707611,1
629.0938164308012,4,True,70,True,3,25.559188240106142,456.2128227958924,0
249.96747483865687,16,False,36,True,7,73.98911520848193,544.6621929362716,1
922.0352066609411,14,True,46,False,1,39.58297590294627,516.8459583280904,1
34.24513316202414,4,False,80,True,2,68.87225566678823,154.89246796612545,1
657.5651329972019,9,False,59,False,7,1.6527315189437823,978.3374244858212,0
925.6697714700425,0,True,23,True,2,94.08651651422709,293.19025780338086,1
809.2345615790534,3,False,84,False,6,85.00953575289512,112.50527700643498,1
34.41597577381596,1,True,55,True,7,16.169250722616656,795.2190121417593,1
730.011171151444,10,False,70,True,5,38.64042009606696,695.0473998130419,1
268.1953750208038,13,True,45,False,9,59.84969207738928,786.2890306324587,0
771.8558561153545,22,False,84,False,5,86.9411028117829,653.410362176726,0
411.9894391273878,13,False,32,True,2,13.20053838628725,169.88773125152733,1
688.2580573616694,9,True,15,True,7,16.14973008122295,396.97085828771674,0
153.8580264400385,20,True,69,False,4,40.081520288599,345.3800583185395,1
192.05377087447482,19,True,35,False,1,51.717338968730004,431.16054117188384,1
481.45361211492974,15,False,55,False,9,35.774766944937305,668.6457605313735,0
567.6925368913863,6,True,92,True,5,72.5934161118179,295.9354360402241,0
303.70817338002104,19,False,54,True,8,3.41090057197198,654.8509415121374,0
750.8355118067377,8,True,83,False,1,48.009394751789934,679.4637951356995,1
663.491852514762,12,False,25,True,3,75.41267204165082,515.9627531040421,1
378.2973794237156,13,True,83,False,3,63.708438471125355,170.68258476136924,0
38.7033543073435,15,True,64,True,1,74.53362722920154,254.23415874900647,0
803.3998242811557,21,False,71,True,6,27.72363965525226,574.507209236494,0
749.771969037462,15,False,94,False,7,13.361668148721325,607.1166493414828,1
506.6368010099238,3,False,95,False,2,71.19187462557535,536.2475756146168,0
706.7990013426054,22,True,99,True,4,48.228514468376424,550.2305845911449,0
684.4938421070207,13,False,14,True,1,51.54826677613085,628.5263372192491,1
182.25675821964163,17,True,57,True,5,82.21474175578315,716.1312103937653,1
561.2455946523885,14,False,45,True,7,12.886088358483674,811.9660063887349,1
87.6550311789785,21,True,82,True,1,86.49487695595326,468.05770039896197,0
352.3268388544419,4,False,79,False,8,96.56727831266177,626.0264156192152,1
327.5554978949184,6,True,9,True,4,80.39160131607615,212.10570423648255,0
719.2179139519934,9,True,59,True,7,1.2861642326289844,385.35284247450915,1
505.2741038527384,9,False,47,True,5,65.7433685371724,679.6838419886026,0
131.07702966587044,20,True,54,False,2,89.63659897765501,499.8235486958504,1
85.11903075376104,17,False,87,False,1,62.440022435174114,468.6544471230855,1
941.1812655926399,3,False,97,True,7,37.47030604067336,355.1689557667903,1
919.4594558164194,13,True,57,True,6,58.88220203223258,370.6198511565937,1
199.47044902806584,20,True,35,False,9,47.94277376074295,836.1245856352821,0
809.0036932308062,19,True,4,True,9,63.590501764352105,754.790161874629,1
43.1873220588699,17,False,66,True,5,84.02535913148758,150.8254702524717,1
920.9559623780738,17,True,39,False,4,37.851382062497066,483.53716830154167,1
219.05354731277467,19,True,40,False,3,7.6923129624882804,781.3993550287296,0
738.9602317847048,6,False,32,True,5,13.927769837678646,331.7557941714325,1
113.01936945685729,14,False,54,True,7,62.89450797429089,706.2914769712747,0
441.31141740653163,0,True,36,False,2,76.2633629697038,333.36694018029823,1
298.29445091097574,16,True,74,True,9,30.774990516211684,386.7602519206201,1
696.8806976408457,15,False,43,False,7,42.468632027446404,194.34397904310026,1
552.6979786482063,8,True,3,False,2,42.66585344959934,639.365113811842,1
295.07907308326065,23,False,29,True,9,77.54337479397091,873.5836236519361,1
850.6613721503518,8,True,10,False,4,99.96371127725018,113.12076133114864,1
99.77964668514501,23,False,80,True,8,6.87857642234834,988.7573942186501,0
576.8789632991953,18,False,0,True,8,6.067810042970552,246.9577178409292,1
109.6528761874733,19,False,20,False,3,6.028997714370509,387.082694225253,1
412.17948286749476,3,False,38,False,6,80.33966878832084,863.6821894284027,1
452.64108451710524,0,True,71,True,7,60.09938121818149,281.21732991298467,1
164.5335223658812,22,False,99,False,3,93.43475236555044,106.37855195860354,0
459.58012152395673,1,True,43,False,7,13.829478386414836,194.4017366891778,1
144.91249416563699,15,True,59,False,6,39.00950788203247,379.1793917779747,1
949.7161766600847,22,True,85,False,1,22.147564696451635,348.4636186348539,0
546.4518084700246,22,True,41,False,8,44.99410605540848,236.93537819046395,1
336.23241431652485,20,True,19,False,1,59.97990688995755,602.7787966491928,1
671.1177073557681,18,True,36,False,4,32.84533611635637,970.0189505226193,0
944.9221256820358,7,True,22,True,1,71.24491930563899,684.1423645124123,0
749.0547304288477,13,False,46,True,6,2.5642456004000964,175.0877958625097,0
678.5318923881201,8,False,84,True,7,6.356711383109302,512.636352828777,1
201.30190923495408,10,True,27,False,3,70.34198352636872,401.2985572742784,0
103.11707885171136,2,True,80,True,1,74.73222932470142,185.0609916695001,1
327.54011374416893,13,False,26,True,7,9.391392992888935,656.5154783658825,1
544.6822561693713,3,False,30,False,8,1.2729909922444134,930.5696145332709,0
635.6125741341888,16,False,62,False,5,18.55884312658019,320.24121486855995,0
974.9093848137896,12,True,34,False,9,30.22547511705756,232.38788316354558,1
419.11903573056776,11,False,93,False,8,9.604044841953385,924.5894908154642,0
80.81826524377155,14,True,41,True,1,14.696490416420229,587.0806385984276,1
285.2548729353763,8,True,80,True,5,14.612290102006938,945.3781660353835,1
41.14427305128949,10,False,84,False,8,15.051541790080945,804.2396573984929,1
200.3724731355248,19,True,47,False,6,13.445371831403458,827.1928520126584,1
726.338470646164,13,False,99,True,1,96.63655337985315,176.1210412620182,0
480.3184783230079,0,True,50,False,2,4.098104501096465,265.39500611268346,1
288.98910031545637,1,True,20,False,2,17.279529939804977,520.0953216678332,1
332.52347139559265,11,False,32,True,4,55.553770497266164,659.4633113515438,0
77.41000192581076,3,False,15,True,5,32.994538340815296,974.7866176448113,1
498.59074574521685,15,False,39,False,7,5.534221297144535,284.84518293883207,1
619.9394274862632,12,False,73,False,7,4.834541082169701,280.9352884533512,0
467.1484359601744,1,False,37,False,3,74.10991340070375,561.0407253455337,1
731.4560996833316,23,True,17,True,4,19.230871773148525,488.0675171305884,0
438.53145387718683,14,True,96,False,1,90.89280638082457,392.0008308462234,0
684.0262800523002,3,False,17,True,9,90.1518986672707,260.6273638300945,1
344.35002818822636,10,True,46,False,3,55.91123480647494,313.4590688020685,1
868.8811147034754,9,False,78,True,3,67.82958774537218,283.1144022954521,0
832.6234500698577,18,True,75,True,9,18.965278192808274,591.1121701896136,1
325.9735209357563,17,True,52,False,3,99.00978994192286,930.4369531630268,0
925.7972533067965,18,False,12,False,3,80.51667559510273,849.5305916441671,0
214.10235114736975,7,True,97,True,8,14.59680839101815,832.8756460994441,0
283.05129397903005,22,False,54,True,9,77.44457391271172,930.621966572419,0
293.5834915719564,9,False,13,False,1,27.74421117108482,382.99518105882476,1
401.3892344256045,1,True,10,False,6,81.53963285203535,971.8678617520407,0
528.1387310189416,1,False,86,False,3,93.38335964909425,343.02760936761854,0
599.3176500613761,22,True,35,False,9,2.0057984134593796,110.03154334963016,1
746.5906013389414,10,True,57,True,6,79.30821532010984,289.01168637192853,1
216.08711973178802,17,True,58,False,6,21.51694291795078,379.8684140493799,1
771.3046755495757,6,False,82,False,3,84.39637312260037,979.3491233912359,0
849.220661025264,11,True,4,True,3,35.965352813743586,556.4830952272061,0
750.2727529008134,7,False,64,False,8,77.04093538682383,691.9953430218638,1
460.8687312075261,6,False,17,True,1,77.3157099898037,857.0095587390899,1
336.4175285430043,0,False,9,False,2,95.90311350693942,549.9852665130614,1
439.1927252974459,14,False,54,True,5,8.246474273017292,258.98220715272714,1
144.18224673111976,8,False,29,False,2,82.45224154174925,422.8476198408493,1
825.692700090518,2,True,10,True,4,53.13565977647479,761.6329596533401,0
956.0941219399241,4,True,57,True,1,88.41465817867366,775.1377368881763,1
379.60305648955267,5,True,46,True,9,37.83851842780144,170.1975742219622,1
847.9605563524252,5,False,48,True,6,36.02991600538351,746.1763779277265,1
302.9654473700504,20,True,63,False,2,97.73921573862769,312.34518673916887,1
990.8758219984786,6,False,61,True,1,48.69404202258131,366.3763556921872,1
114.40734162904178,10,False,9,True,5,37.11505657404828,811.4805462987866,1
513.4646666554546,16,True,52,False,1,4.26411300832083,662.738992209435,1
102.5635290497312,6,True,18,True,8,53.43852325292943,369.8498777289482,1
325.92913679815695,1,True,28,False,6,80.61180082396093,262.47006688278884,0
401.5947307623919,12,True,47,False,7,85.64500970984403,126.40788519441949,0
55.60866821413333,7,False,43,False,7,42.73970209840794,940.6960835652816,0
828.7950769190965,5,True,32,False,6,18.060293610820736,554.7742831279741,0
90.5380199963075,18,False,45,False,8,16.343625438767322,439.31159807827277,1
19.10491013279137,21,True,89,True,9,8.47209985118782,199.25467172652066,1
516.6751991111478,21,False,40,False,7,64.98349337382082,497.047364826161,0
271.349414567456,3,True,83,False,8,24.165979397791705,507.34986917009945,0
916.422905215222,10,True,24,True,7,24.452173558767647,238.8482894318941,0
454.03369681793663,1,True,87,True,8,13.3001219696004,983.1201445384252,1
232.75175130567257,17,True,43,True,5,75.61006423835694,979.4055362814277,0
28.68009099709717,15,True,76,True,6,7.637681532718474,921.1815230882662,1
491.24617490276285,11,True,61,False,1,22.02640173249469,400.41447855260697,0
268.2283053195663,12,False,47,True,3,11.674319485940993,371.6024697507939,0
456.7379472119029,18,True,89,True,1,66.6509025881986,584.3672513301769,0
868.5830848870893,12,False,22,False,2,43.666152566270405,631.6884950930021,0
41.324713465361725,8,False,99,False,4,20.290282205098407,803.3454977108198,0
439.0498716457019,6,False,30,True,6,22.602221159758056,621.7222791663112,1
309.72869520945346,23,True,16,False,1,24.5126558988323,481.33082641129056,0
460.5028356803489,13,True,79,True,3,59.18231014710927,263.6712559498128,0
572.9594215053705,14,True,22,False,9,19.043215397849405,459.05469009538575,1
662.2070218901472,7,False,59,False,1,63.83818592623991,981.6779144508357,0
711.8302360506675,21,True,2,False,5,81.53568408004222,280.7786179903935,0
921.4622542794084,13,True,41,True,1,91.2974510136962,685.7665037998346,1
77.62856954801028,12,True,1,False,8,48.072473575611845,410.49069898156984,1
219.49300185626166,15,True,39,False,3,46.6966602889995,453.41803038327527,1
817.6182249059219,20,False,44,True,5,95.38851769895378,755.1720382778843,1
36.89467413567573,22,True,82,False,8,45.880305462092366,716.8521764854596,1
378.77664259226697,3,True,53,False,4,19.2054798495891,364.77503977654067,0
411.347212950755,8,True,26,False,7,25.482313133113077,942.777774688086,0
713.3795154244513,2,True,28,True,4,15.056932069236636,498.9924637339223,0
258.68861990148594,13,False,7,False,5,45.5611994500395,344.95113326303306,0
240.7260282790318,15,True,83,True,8,4.977610363948278,920.1097185832011,1
491.7537593075228,18,False,63,False,4,50.67165098606775,659.6315736411619,0
920.7978224564562,8,False,51,True,1,64.1217846305597,218.0104264200367,0
602.9658142820139,13,False,87,True,3,78.15906629550133,170.26391549032752,0
336.5516817466587,6,True,81,True,2,1.3744408410862308,367.79657370204177,0
291.1925524281342,6,True,67,True,8,54.25173582537408,327.2401540863368,0
444.0558866954644,12,False,87,False,8,42.8205984051162,687.7961394658654,0
426.58889772420997,14,False,45,True,6,38.33469416755976,644.5692107491376,1
702.9207700008684,3,True,11,False,6,45.793800219754516,224.46798848646125,1
866.3007811095856,14,False,8,False,2,39.373219128377464,758.1306111299021,1
403.5125417351568,19,False,79,True,4,2.661862239238417,679.5024117219651,1
903.6318854272519,7,True,86,True,2,44.24888758179145,304.7159287452258,0
319.04151668206197,14,False,12,False,1,41.00588651130236,864.1038602383576,0
851.2778811409887,14,True,22,True,3,99.43141470280746,861.8884532240814,0
426.70410401713633,8,True,31,False,4,35.990285978143056,889.8176653330296,0
32.72540153135464,8,True,33,False,9,10.080389372985849,731.2577604874699,0
684.6010496642018,23,False,50,False,4,88.53481606958069,392.71971386731065,0
438.7224104309509,19,True,50,True,4,15.252177284836595,465.45135590423956,1
468.9511513052996,16,True,58,False,6,93.88122561420177,617.4858078459156,1
702.5450256133457,0,False,16,True,7,40.324080312874635,516.1054872877955,0
46.292762370410735,10,False,49,False,4,14.757696940813029,494.93931062206315,0
509.32330570274473,21,False,63,True,5,97.80087878799486,746.2191487882797,0
954.6263276640136,5,True,41,True,3,74.67142358869197,463.304187066227,0
284.861193189591,7,True,99,False,6,4.078815947130016,411.003490153541,0
678.516285491622,17,True,75,False,9,70.1760904211959,594.3666299367349,0
466.6448244745334,3,False,43,False,4,35.53220167400754,912.306335942513,1
195.59198876273484,16,False,89,True,4,14.14183999656655,227.1578908275614,0
340.36076041360457,9,False,69,False,2,99.51164582793936,687.6510905131229,0
127.46855558514385,21,False,3,False,5,97.65542534310325,148.56408030436856,0
402.9168233628384,16,True,12,False,3,65.34341673372352,854.6207656607633,1
818.0235470131737,20,False,85,False,8,64.31029938356616,826.7843149054354,1
950.3218484201819,18,True,16,False,3,78.33160192905736,901.2910467483082,1
508.1206294220222,0,True,33,False,3,41.73727495248317,754.6283851367701,0
184.81161293725876,15,True,31,False,7,1.0317871810618715,481.50343696356566,0
802.149089716559,11,False,56,False,6,81.20938650836261,535.1422039166193,0
619.4274355832462,16,True,7,True,3,30.720501529166352,710.7717073399473,1
385.0147419138746,20,True,24,False,2,63.455749846586286,575.3598432841089,1
718.0975483699898,21,True,83,False,3,77.3106992239411,824.997601824803,0
430.3401141967924,1,True,6,True,6,13.27254526434681,931.225918065508,0
147.44029803121666,20,True,76,True,7,94.16367742031393,299.9079671311533,0
963.4465457275651,18,True,35,False,1,45.39822285593868,423.27534465415835,1
394.7765148419696,16,False,11,False,9,76.15128054143938,318.42933732125687,0
789.8329025397059,8,True,56,False,8,88.05493580508336,968.5231960521282,0
730.1888909745247,15,True,28,True,6,27.32637648312383,921.5964451958221,1
634.0990037283418,19,False,52,False,4,16.872388174005806,775.5398774916049,1
512.0825345443442,0,False,60,True,4,22.493536589135644,816.2809098467512,1
956.0919307456809,12,False,90,True,7,90.79120851744808,512.266221862041,0
227.52557440728083,15,False,70,False,5,35.41523390685669,239.30724725569877,1
647.7464000240547,20,True,33,False,9,1.6840120697649752,692.2204433821039,1
755.2545933109603,9,False,80,True,7,84.67070940547268,186.88174482156535,1
590.6062418718501,2,False,42,True,5,35.3546712376137,710.7934924198829,0
